"N","P","K","temperature","humidity","ph","rainfall","label"
90,42,43,20.87974371,82.00274423,6.502985292,202.9355362,"rice"
85,58,41,21.77046169,80.31964408,7.038096361,226.6555374,"rice"
60,55,44,23.00445915,82.3207629,7.840207144,263.9642476,"rice"
74,35,40,26.49109635,80.15836264,6.980400905,242.8640342,"rice"
78,42,42,20.13017482,81.60487287,7.628472891,262.7173405,"rice"
69,37,42,23.05804872,83.37011772,7.073453503,251.0549998,"rice"
69,55,38,22.70883798,82.63941394,5.70080568,271.3248604,"rice"
94,53,40,20.27774362,82.89408619,5.718627178,241.9741949,"rice"
89,54,38,24.51588066,83.5352163,6.685346424,230.4462359,"rice"
68,58,38,23.22397386,83.03322691,6.336253525,221.2091958,"rice"
91,53,40,26.52723513,81.41753846,5.386167788,264.6148697,"rice"
90,46,42,23.97898217,81.45061596,7.50283396,250.0832336,"rice"
78,58,44,26.80079604,80.88684822,5.108681786,284.4364567,"rice"
93,56,36,24.01497622,82.05687182,6.98435366,185.2773389,"rice"
94,50,37,25.66585205,80.66385045,6.94801983,209.5869708,"rice"
60,48,39,24.28209415,80.30025587,7.042299069,231.0863347,"rice"
85,38,41,21.58711777,82.7883708,6.249050656,276.6552459,"rice"
91,35,39,23.79391957,80.41817957,6.970859754,206.2611855,"rice"
77,38,36,21.8652524,80.1923008,5.953933276,224.5550169,"rice"
88,35,40,23.57943626,83.58760316,5.85393208,291.2986618,"rice"
89,45,36,21.32504158,80.47476396,6.442475375,185.4974732,"rice"
76,40,43,25.15745531,83.11713476,5.070175667,231.3843163,"rice"
67,59,41,21.94766735,80.97384195,6.012632591,213.3560921,"rice"
83,41,43,21.0525355,82.67839517,6.254028451,233.1075816,"rice"
98,47,37,23.48381344,81.33265073,7.375482851,224.0581164,"rice"
66,53,41,25.0756354,80.52389148,7.778915154,257.0038865,"rice"
97,59,43,26.35927159,84.04403589,6.286500176,271.3586137,"rice"
97,50,41,24.52922681,80.54498576,7.070959995,260.2634026,"rice"
60,49,44,20.77576147,84.49774397,6.244841491,240.0810647,"rice"
84,51,35,22.30157427,80.64416466,6.043304899,197.9791215,"rice"
73,57,41,21.44653958,84.94375962,5.824709117,272.2017204,"rice"
92,35,40,22.17931888,80.33127223,6.357389366,200.0882787,"rice"
85,37,39,24.52783742,82.73685569,6.364134968,224.6757231,"rice"
98,53,38,20.26707606,81.63895217,5.01450727,270.4417274,"rice"
88,54,44,25.7354293,83.88266234,6.149410611,233.1321372,"rice"
95,55,42,26.79533926,82.1480873,5.950660556,193.3473987,"rice"
99,57,35,26.75754171,81.17734011,5.960370061,272.2999056,"rice"
95,39,36,23.86330467,83.15250801,5.561398642,285.2493645,"rice"
60,43,44,21.01944696,82.95221726,7.416245107,298.4018471,"rice"
63,44,41,24.17298839,83.7287574,5.583370042,257.0343554,"rice"
62,42,36,22.78133816,82.06719137,6.430010215,248.7183228,"rice"
64,45,43,25.62980105,83.52842314,5.534878156,209.9001977,"rice"
83,60,36,25.59704938,80.14509262,6.903985986,200.834898,"rice"
82,40,40,23.83067496,84.81360127,6.271478838,298.5601175,"rice"
85,52,45,26.31355498,82.36698992,7.224285503,265.5355937,"rice"
91,35,38,24.8972823,80.52586088,6.13428721,183.6793207,"rice"
76,49,42,24.958779,84.47963372,5.206373153,196.9560008,"rice"
74,39,38,23.24113501,84.59201843,7.782051313,233.0453455,"rice"
79,43,39,21.66628296,80.70960551,7.062779015,210.8142087,"rice"
88,55,45,24.63544858,80.41363018,7.730367824,253.7202781,"rice"
60,36,43,23.43121862,83.06310136,5.286203711,219.9048349,"rice"
76,60,39,20.0454142,80.3477562,6.766240045,208.5810155,"rice"
93,56,42,23.85724032,82.22572988,7.382762603,195.0948311,"rice"
65,60,43,21.97199397,81.89918197,5.658169482,227.3637009,"rice"
95,52,36,26.22916897,83.83625819,5.543360238,286.5083725,"rice"
75,38,39,23.44676801,84.79352417,6.215109715,283.9338466,"rice"
74,54,38,25.65553461,83.47021081,7.120272972,217.3788583,"rice"
91,36,45,24.44345477,82.45432595,5.950647577,267.9761948,"rice"
71,46,40,20.2801937,82.1235421,7.236705436,191.9535738,"rice"
99,55,35,21.7238313,80.2389895,6.501697816,277.9626192,"rice"
72,40,38,20.41447029,82.20802629,7.592490617,245.1511304,"rice"
83,58,45,25.75528612,83.51827127,5.875345751,245.6626799,"rice"
93,58,38,20.61521424,83.77345559,6.932400225,279.5451717,"rice"
70,36,42,21.84106875,80.72886384,6.946209881,202.3838319,"rice"
76,47,42,20.08369642,83.29114712,5.739175027,263.6372176,"rice"
99,41,36,24.45802087,82.74835604,6.738652179,182.5616319,"rice"
99,54,37,21.14347496,80.33502926,5.594819626,198.6730942,"rice"
86,59,35,25.78720567,82.11124033,6.946636369,243.5120414,"rice"
69,46,41,23.64124821,80.28597873,5.012139669,263.1103304,"rice"
91,56,37,23.43191632,80.56887849,6.363472208,269.5039162,"rice"
61,52,41,24.97669518,83.891805,6.880431223,204.8001847,"rice"
67,45,38,22.72791041,82.1706881,7.300410836,260.8875056,"rice"
79,42,37,24.87300744,82.84022551,6.587918708,295.6094492,"rice"
78,43,42,21.32376327,83.00320459,7.283736617,192.3197536,"rice"
75,54,36,26.29465461,84.56919326,7.023936392,257.4914906,"rice"
97,36,45,22.2286982,81.85872947,6.939083505,278.0791793,"rice"
67,47,44,26.73072391,81.78596776,7.868474653,280.4044392,"rice"
73,35,38,24.88921174,81.97927117,5.005306977,185.9461429,"rice"
77,36,37,26.88444878,81.46033732,6.136131869,194.5766559,"rice"
81,41,38,22.67846116,83.72874389,7.524080076,200.9133156,"rice"
68,57,43,26.08867875,80.37979919,5.706943251,182.9043504,"rice"
72,45,35,25.42977518,82.94682591,5.758506323,195.3574542,"rice"
61,53,43,26.40323239,81.05635517,6.349606327,223.3671883,"rice"
67,43,39,26.04371967,84.96907151,5.999969026,186.7536773,"rice"
67,58,39,25.2827223,80.54372813,5.453592032,220.1156708,"rice"
66,60,38,22.08576562,83.47038318,6.372576327,231.7364957,"rice"
82,43,38,23.28617173,81.43321641,5.105588355,242.3170629,"rice"
84,50,44,25.48591986,81.40633547,5.935344406,182.6549356,"rice"
81,53,42,23.67575393,81.03569343,5.17782304,233.7034975,"rice"
91,50,40,20.82477109,84.1341879,6.462391607,230.2242223,"rice"
93,53,38,26.92995077,81.91411159,7.069172227,290.6793783,"rice"
90,44,38,23.83509503,83.88387074,7.473134377,241.2013513,"rice"
81,45,35,26.52872817,80.12267476,6.158376967,218.9163567,"rice"
78,40,38,26.46428311,83.85642678,7.549873681,248.2256491,"rice"
60,51,36,22.69657794,82.81088865,6.028321558,256.9964761,"rice"
88,46,42,22.68319059,83.46358271,6.604993475,194.2651719,"rice"
93,47,37,21.53346343,82.14004101,6.500343222,295.9248796,"rice"
60,55,45,21.40865769,83.3293191,5.935745417,287.5766935,"rice"
78,35,44,26.54348085,84.67353597,7.072655622,183.6222657,"rice"
65,37,40,23.35905428,83.59512273,5.333322606,188.413665,"rice"
71,54,16,22.61359953,63.69070564,5.749914421,87.75953857,"maize"
61,44,17,26.10018422,71.57476937,6.931756558,102.2662445,"maize"
80,43,16,23.55882094,71.59351368,6.657964753,66.71995467,"maize"
73,58,21,19.97215954,57.68272924,6.596060648,60.65171481,"maize"
61,38,20,18.47891261,62.69503871,5.970458434,65.43835393,"maize"
68,41,16,21.77689322,57.80840636,6.158830619,102.0861694,"maize"
93,41,17,25.6217169,66.50415474,6.047906679,105.4654703,"maize"
89,60,19,25.19192419,66.6902901,5.913664501,78.06639649,"maize"
76,44,17,20.41683147,62.5542482,5.855442401,65.27798457,"maize"
67,60,25,24.92162194,66.78627406,5.750254943,109.2162279,"maize"
70,44,19,23.31689124,73.4541537,5.852607099,94.29712821,"maize"
90,49,21,24.84016732,68.3584573,6.472523287,74.05474936,"maize"
62,52,16,22.27526694,58.84015925,6.967057762,63.87020584,"maize"
92,44,16,18.87751445,65.76816093,6.082973754,94.76189431,"maize"
66,54,21,25.19008683,60.2001687,5.919045532,72.12375573,"maize"
63,58,22,18.25405352,55.28220433,6.204747653,63.72358154,"maize"
70,47,17,24.6129118,70.4162444,6.600827017,104.1626147,"maize"
61,41,17,25.1420613,65.26185135,6.021902237,76.68456006,"maize"
66,53,19,23.09348056,60.1159381,6.033550195,65.49730729,"maize"
74,55,19,18.05033737,62.89366992,6.28886807,84.23613484,"maize"
77,57,21,24.9321581,73.80435276,6.550563823,79.74078719,"maize"
99,50,15,18.14710054,71.09445342,5.573286437,88.07753741,"maize"
74,56,22,18.28362235,66.65952796,6.829199275,80.97573281,"maize"
83,45,21,18.83344471,58.75082029,5.716222912,79.7532896,"maize"
100,48,16,25.71895816,67.22190688,5.54990242,74.51490791,"maize"
79,51,16,25.33797709,68.49835977,6.586244581,96.46380213,"maize"
94,39,18,23.89114571,57.48775781,5.893093135,102.8301942,"maize"
75,49,15,21.53574127,71.50905983,5.918263801,102.4852929,"maize"
78,48,22,23.08974909,63.10459626,5.588650585,70.43473609,"maize"
87,54,20,25.61707368,63.4711755,6.576418207,108.8303762,"maize"
87,35,25,21.44526922,63.1621551,6.178056304,65.88951188,"maize"
63,43,19,18.51816776,55.53128131,6.641906353,90.988051,"maize"
84,57,25,22.53510514,67.99257471,6.489040367,64.40866039,"maize"
64,35,23,23.02038334,61.89472002,5.680361038,63.03843397,"maize"
60,46,22,24.89364635,65.61418761,6.625404348,87.9298085,"maize"
98,44,21,25.77175115,74.089114,6.524478032,107.4931917,"maize"
75,56,18,19.39851734,62.35750641,5.696205468,60.95197486,"maize"
86,55,21,21.54156232,59.64024162,6.803931519,109.7515385,"maize"
98,35,18,23.79746068,74.82913698,6.252797548,91.76337172,"maize"
76,57,18,18.9802729,74.52600826,6.092725883,94.26249353,"maize"
99,56,17,24.10859207,73.13112261,6.234330356,71.07562236,"maize"
60,44,23,24.7947077,70.04556743,5.722579819,76.72860067,"maize"
74,48,17,21.63162756,60.27766379,6.430616465,69.21803098,"maize"
89,60,17,25.37548751,57.21025565,5.983952675,101.7004306,"maize"
69,51,23,22.21738222,72.85462807,6.80163854,106.6213157,"maize"
96,46,22,20.58314011,69.00128641,6.499936446,66.29390357,"maize"
61,60,15,24.87502824,68.74248334,6.265564338,91.26056654,"maize"
74,58,18,20.03728219,56.35606753,6.727303282,109.024141,"maize"
74,43,23,25.95263264,61.89082199,6.325235159,99.57981207,"maize"
63,43,17,19.28889933,65.47050802,6.807487794,71.3195307,"maize"
99,36,20,20.57981887,65.34583901,6.671085817,78.34604471,"maize"
77,36,23,24.71417533,56.73426469,6.648725327,88.45361858,"maize"
87,60,23,20.27317074,63.91281869,6.439071996,62.50351892,"maize"
60,38,17,18.41932981,64.23580251,6.474476516,76.41312437,"maize"
94,54,17,23.39128187,61.74427165,5.871647806,107.3198135,"maize"
95,38,22,19.84939404,61.24500053,5.730617109,100.7689246,"maize"
84,44,21,21.869274,61.91044947,5.850439831,107.2681929,"maize"
77,58,19,22.8056033,56.50768935,5.791649933,101.5952794,"maize"
66,44,20,19.0781471,69.02298571,6.740000688,80.72515943,"maize"
63,35,16,22.02720976,65.35549924,6.272417541,83.73280082,"maize"
79,45,20,23.80546189,59.24537979,5.715208817,89.9622014,"maize"
72,60,25,18.52510753,69.0276233,5.773454729,88.10234397,"maize"
67,51,24,23.50297882,61.32026065,5.584171461,64.77791424,"maize"
86,36,24,26.54986394,72.89187265,5.787268394,73.33636055,"maize"
76,48,18,19.29563411,69.63481219,5.77597783,83.21030571,"maize"
75,53,18,20.68899915,59.4375337,6.864793607,103.651438,"maize"
81,45,23,19.32666088,68.034493,6.192360003,84.22969177,"maize"
73,45,21,24.60532218,73.58868502,6.636803223,96.59195302,"maize"
71,35,24,22.27373646,59.52193158,5.826426917,67.96704792,"maize"
96,54,22,25.70196694,61.33450447,6.960358276,83.20711308,"maize"
99,39,18,19.20129357,68.30578978,6.11275104,87.85092352,"maize"
62,48,20,21.70181447,60.47470519,6.708446922,95.71388473,"maize"
86,37,16,20.51716779,59.21235483,5.561510732,67.61013737,"maize"
94,50,19,23.30355338,73.62548442,5.873242491,97.59081274,"maize"
76,39,24,24.2547451,55.64709899,6.995843776,64.23845455,"maize"
77,52,17,24.86374934,65.7420046,5.714799723,75.82270467,"maize"
74,39,23,22.6265115,65.77472881,6.78073637,88.17251033,"maize"
81,49,20,18.04185513,60.61494304,5.513697923,104.2321615,"maize"
63,42,21,23.26237612,72.33125523,5.798423908,67.10225139,"maize"
99,38,21,22.88330922,71.59722446,6.352471866,67.72777298,"maize"
90,52,25,25.97482359,69.36385721,6.822586546,103.2234212,"maize"
68,40,19,26.14384005,66.20569924,6.655426355,107.2361366,"maize"
60,57,24,18.66116213,61.55327249,6.121294041,75.03247667,"maize"
71,52,18,25.10787449,55.97732754,5.790770203,78.16077693,"maize"
61,59,17,23.33844615,59.24580604,6.47444292,105.0083144,"maize"
88,38,15,25.08239719,65.92195844,6.455116637,62.49190812,"maize"
65,60,22,25.36768364,72.52054555,6.606984086,107.9124111,"maize"
78,37,22,25.34217103,63.31801994,6.330554389,74.52082026,"maize"
78,58,15,25.00933355,67.816568,6.528631266,62.91359494,"maize"
92,60,23,18.66746724,71.516474,5.721667141,69.93293255,"maize"
79,59,17,20.37999665,63.73849998,6.644205485,108.5054416,"maize"
91,55,15,18.09300227,72.61024172,6.376651091,78.96159541,"maize"
76,51,18,26.16985907,71.96246617,6.247040422,79.84925393,"maize"
87,48,25,18.65396672,61.37879671,6.656730008,93.62039175,"maize"
71,60,22,26.07470121,59.37147589,6.2048017,85.75692395,"maize"
90,57,24,18.92851916,72.80086137,6.158860284,82.34162918,"maize"
67,35,22,23.30546753,63.24648023,6.385684214,108.7603001,"maize"
60,54,19,18.74826712,62.49878458,6.417820493,70.23401597,"maize"
83,58,23,19.74213321,59.66263104,6.381201909,65.50861389,"maize"
83,57,19,25.73044432,70.74739256,6.877869005,98.73771338,"maize"
91,94,46,29.36792366,76.24900101,6.149934034,92.82840911,"banana"
105,95,50,27.33368994,83.67675197,5.849076099,101.0494791,"banana"
108,92,53,27.40053601,82.96221306,6.276800323,104.9378,"banana"
86,76,54,29.3159075,80.11585705,5.926824754,90.10978128,"banana"
80,77,49,26.05433004,79.39654531,5.519088423,113.2297373,"banana"
93,94,53,25.86632408,84.42379269,6.079178788,114.5357503,"banana"
90,92,55,27.00932084,80.18546798,6.13465588,97.32531705,"banana"
108,89,53,29.55054817,78.06762846,5.808497604,99.34482238,"banana"
108,88,55,26.28845991,83.390039,5.891458107,113.8729798,"banana"
105,77,52,29.16226551,76.16151562,5.816622479,100.0075679,"banana"
118,88,52,28.65003945,82.68752542,5.843163161,98.75084366,"banana"
101,87,54,29.07311132,76.50045221,6.376756633,100.1692639,"banana"
95,75,50,28.08166093,75.26429821,5.623615687,118.2761894,"banana"
106,85,53,27.1994597,78.8086068,5.91505509,99.72430835,"banana"
86,95,49,28.05484146,78.04602887,6.458714879,108.3957179,"banana"
83,79,55,25.14748006,83.34688193,5.565028635,98.66679427,"banana"
85,95,47,25.94019018,78.3422098,6.211833161,119.84797,"banana"
109,79,45,27.66752761,79.68542782,6.490074429,108.66464,"banana"
100,76,45,25.56703012,75.94067692,5.590236025,102.7867717,"banana"
117,86,48,28.6956201,82.54195839,6.225225239,116.1616839,"banana"
114,94,53,26.33544853,76.8532006,6.190757459,118.6858263,"banana"
110,78,50,25.93730186,78.89864446,5.915568968,98.21747528,"banana"
94,70,48,25.13686519,84.88394407,6.195152442,91.46442491,"banana"
80,71,47,27.50527651,80.79783998,6.156373499,105.0776992,"banana"
114,79,51,26.21009246,82.34429458,6.313197204,112.0700033,"banana"
88,78,45,29.10403455,79.19588629,6.324270089,92.07835761,"banana"
112,73,48,29.2440638,77.32017166,5.707488987,90.66727868,"banana"
117,76,47,25.56202173,77.38229006,6.119216009,93.10247183,"banana"
111,87,48,26.3985515,81.36028902,5.571401169,98.16752001,"banana"
89,83,47,28.09577643,77.79586769,5.63127166,109.5408614,"banana"
93,91,47,27.84767901,83.31110751,6.101241579,117.2878912,"banana"
92,81,52,27.39341554,81.4654833,6.438137279,94.31102057,"banana"
105,74,45,25.14517635,81.38204104,6.098369122,119.218154,"banana"
102,71,48,28.65456263,79.28693687,5.695267822,102.4633775,"banana"
94,91,51,29.16093424,76.67484233,5.618094446,109.575944,"banana"
116,71,47,27.57278064,82.0638878,6.435785799,91.34276507,"banana"
117,79,49,25.40909896,82.36208097,6.176644228,112.9794804,"banana"
119,72,55,25.99069521,83.33983116,6.220643671,112.0777152,"banana"
99,73,53,26.29039046,81.06003778,5.871702211,118.6730366,"banana"
91,84,52,29.14827211,78.71024836,6.390741836,117.536781,"banana"
80,90,47,26.59743595,79.35898915,6.21084479,107.3944717,"banana"
101,70,48,25.36059237,75.03193255,6.012696655,116.5531455,"banana"
108,89,53,29.12036889,80.18080728,5.908770059,112.3982055,"banana"
100,80,52,27.53911354,77.25629897,6.049801781,110.3262123,"banana"
109,91,53,29.66727337,83.51014178,6.010095853,110.2511102,"banana"
82,78,46,25.05802193,84.97323747,5.738678895,110.4408803,"banana"
106,70,55,25.86824781,78.52399914,5.74055541,116.3019555,"banana"
90,86,52,25.85036988,81.95580471,5.793260262,119.0856171,"banana"
83,95,50,26.51682337,77.79913575,5.50947065,108.8547508,"banana"
119,90,48,28.66725136,79.59242542,5.986442306,118.2583441,"banana"
107,72,45,28.14938935,81.54448882,5.790768046,91.40508414,"banana"
116,81,55,26.42313317,83.6995044,5.915546415,95.12322062,"banana"
101,75,50,26.59386409,81.40740301,6.242528278,109.9825551,"banana"
93,81,50,27.71822477,76.57853189,6.036079266,102.2099836,"banana"
95,75,45,28.98333432,82.95958244,5.829898502,109.022564,"banana"
107,71,55,29.42017919,83.96754496,6.088064451,117.229079,"banana"
83,94,47,27.39872329,81.10523402,6.469370954,112.1355384,"banana"
102,73,54,26.4020227,84.41007614,5.720726906,111.0162259,"banana"
86,79,45,27.81251452,82.69285419,5.80766417,99.20961514,"banana"
117,86,53,25.19640218,83.55829874,5.703381728,115.8586081,"banana"
111,79,53,28.31193338,75.77363772,6.165001278,119.695765,"banana"
95,74,50,25.90113128,80.47152737,6.002481605,110.10323,"banana"
91,75,55,27.48612983,76.11239849,6.212369363,109.2768851,"banana"
93,83,46,29.38254012,83.50423735,5.765308943,109.2486647,"banana"
92,85,51,29.22118628,81.08183635,5.740764682,108.8616474,"banana"
104,80,54,27.09062164,81.33506906,5.879119455,110.1331182,"banana"
103,72,51,26.12643374,81.81365007,6.099478745,104.4812858,"banana"
92,75,45,29.01207743,77.95192527,5.674403359,90.43495443,"banana"
93,85,49,27.96799119,79.28625709,5.694243847,119.4765557,"banana"
120,87,52,28.0764455,76.05522115,5.905494703,118.9923573,"banana"
108,72,46,25.16278237,84.97849241,6.110844721,90.94554618,"banana"
105,88,54,25.78749808,84.51194224,6.020445317,114.2005455,"banana"
98,79,50,25.34119774,84.47321314,6.435917308,91.06493353,"banana"
111,88,55,29.44795403,78.34971537,5.505393833,96.45042585,"banana"
97,74,45,26.47522633,78.51833782,5.677719902,113.1161095,"banana"
95,82,48,27.39489579,83.31172003,5.719014989,92.78133617,"banana"
89,91,55,25.08347445,80.261731,6.275572298,94.32961456,"banana"
89,85,55,26.6719835,76.48541655,6.275384607,91.73358569,"banana"
118,88,51,25.44926208,79.49221962,6.201911642,100.6619171,"banana"
101,92,45,28.22776705,80.6430384,5.758054257,98.00403016,"banana"
99,92,47,28.1279509,77.48247073,6.323933647,103.5045395,"banana"
82,77,46,28.9470467,82.1888998,5.901100841,95.83016448,"banana"
90,86,55,27.96236771,84.15403614,5.644486582,97.55986676,"banana"
95,88,52,28.00316034,78.90085998,6.235461772,94.68180316,"banana"
104,73,46,29.1400919,80.1190228,6.28236237,90.45142867,"banana"
102,73,52,27.9122104,83.36307683,6.356090905,90.24211529,"banana"
100,74,52,25.43480512,81.53977797,5.837258235,96.47800391,"banana"
94,89,48,28.55980972,84.51602322,5.653437902,111.0843029,"banana"
99,70,46,26.59580783,82.99556744,5.727469947,100.5123341,"banana"
112,87,48,27.19711623,77.3970629,6.200111068,99.46950465,"banana"
117,82,45,25.29391516,79.29122198,5.614471478,105.4220251,"banana"
96,86,51,29.90888522,76.98740841,6.257369799,91.99964712,"banana"
113,85,45,27.94972463,76.63713353,6.037430836,109.0921631,"banana"
105,93,46,25.01018457,78.76260938,5.760457558,108.3690513,"banana"
85,89,51,29.21144871,84.70189923,6.158164422,108.5501443,"banana"
108,94,47,27.35911627,84.54625006,6.387431383,90.81250457,"banana"
92,81,52,28.0106804,76.52808057,5.891413895,103.7040783,"banana"
110,71,54,28.67208915,82.20793613,5.725418961,94.37987496,"banana"
82,75,55,27.34585147,78.4873835,6.281069505,92.15524332,"banana"
117,81,53,29.50704598,78.20585613,5.507641778,98.12565829,"banana"
2,40,27,29.73770045,47.54885174,5.954626604,90.09586854,"mango"
39,24,31,33.55695561,53.72979826,4.757114897,98.67527561,"mango"
21,26,27,27.00315545,47.67525434,5.699586972,95.85118326,"mango"
25,22,25,33.56150184,45.53556603,5.977413803,95.70525913,"mango"
0,21,32,35.89855625,54.25964196,6.430139436,92.19721736,"mango"
20,19,35,34.17719782,50.62161586,6.113935087,98.00687989,"mango"
19,21,34,30.01592643,53.19212381,5.074272692,97.72843182,"mango"
18,17,31,31.74592134,45.16127859,5.667507706,93.75441586,"mango"
11,36,33,35.99009679,52.22780489,5.978634285,95.3713484,"mango"
30,28,30,31.86641378,52.19331595,5.064613314,98.46768642,"mango"
18,19,27,27.75518664,52.34605806,4.772385986,94.11213345,"mango"
23,23,27,34.72413192,51.4271781,5.161148592,97.31258083,"mango"
37,30,34,27.53907547,53.63549533,6.797779227,99.35408185,"mango"
11,27,30,27.69637763,48.5622488,6.39474303,89.85646496,"mango"
12,19,31,27.25373364,52.66319725,5.566704378,91.87312479,"mango"
3,28,33,30.33723921,48.88704844,5.755049971,94.42850522,"mango"
37,38,32,31.85744939,45.53106268,5.417340525,91.55845821,"mango"
26,37,30,35.39986338,49.45962621,6.166173834,97.41054011,"mango"
14,18,30,29.80747243,52.13797867,5.191265116,95.74606104,"mango"
40,16,35,34.16438906,54.16482251,4.954739564,98.33351125,"mango"
4,20,25,28.93270187,47.94053996,5.664587011,99.9834242,"mango"
36,25,33,27.98392787,53.33018851,5.548584852,99.61465679,"mango"
30,17,31,31.20478173,54.49960506,6.804437106,94.62954663,"mango"
28,37,28,32.13409675,50.52559148,6.097869767,98.63333684,"mango"
38,15,30,28.91862016,48.13974548,5.075504537,97.01331604,"mango"
12,37,30,31.09779147,47.41196659,4.546466109,90.28624348,"mango"
38,19,31,34.73823882,49.08864345,5.855119268,90.65022183,"mango"
8,33,29,29.98080499,49.48613279,6.442393461,91.82271568,"mango"
15,27,28,33.80398664,46.12866113,4.507523551,90.82549241,"mango"
34,16,25,30.07202564,50.96040505,6.10729559,92.09609766,"mango"
11,36,31,27.92063282,51.77965917,6.47544932,100.2585673,"mango"
33,29,34,31.40948821,49.21729127,6.832979509,92.99739415,"mango"
12,31,26,35.7877738,51.94190321,5.395275719,100.2160615,"mango"
12,34,28,33.36140093,45.02236377,6.13526938,98.81596545,"mango"
5,16,31,35.96054636,48.69677802,4.555688532,98.00644238,"mango"
1,30,29,28.33333307,51.39586505,6.434197756,91.67241761,"mango"
16,35,31,32.27652024,50.19368841,5.316875978,95.99487068,"mango"
35,18,26,31.99490489,50.84881347,5.279388967,97.38741498,"mango"
4,40,26,27.58258929,48.56916221,6.720041791,95.8445641,"mango"
9,29,34,29.38471637,45.88744691,5.72742254,100.8124659,"mango"
2,38,33,32.38697531,53.2328243,4.691396195,90.21633216,"mango"
26,32,32,30.91471455,49.92963856,6.810186079,90.14047759,"mango"
34,38,31,35.37775595,45.58110023,6.454045329,97.41586402,"mango"
5,32,33,32.32362177,52.5896771,5.842763773,93.36718816,"mango"
31,29,26,28.22373428,47.40519056,5.024124684,97.76832322,"mango"
34,34,35,27.27433181,47.16808054,6.422710539,95.257992,"mango"
36,19,32,27.10710832,50.70880979,4.94295037,92.37238878,"mango"
7,17,26,34.89226666,48.75613373,6.414526606,91.63074547,"mango"
38,15,27,33.7462686,48.50387598,6.777788126,92.26439205,"mango"
5,19,25,27.3511056,54.43945147,6.441328044,96.27792547,"mango"
37,36,26,32.89300162,52.61323969,4.650536197,94.49161372,"mango"
21,31,32,35.38598705,51.42664176,5.254532213,90.29643888,"mango"
37,36,27,27.5529736,47.90859131,5.910634533,90.40332704,"mango"
23,23,30,32.82141065,47.45553843,4.755273631,90.89173106,"mango"
36,26,26,30.17294105,51.0845903,6.814630246,95.23444287,"mango"
24,33,35,29.26382931,54.82257868,5.342866119,100.7586226,"mango"
26,18,30,32.06097197,51.08494181,6.336234624,96.59816497,"mango"
22,17,26,28.69818144,47.71875722,4.754435025,99.642454,"mango"
11,34,32,29.14305008,49.40983294,6.831706773,97.55155537,"mango"
29,35,28,28.3471611,53.53903102,6.967417766,90.40260445,"mango"
22,28,26,27.67256197,45.41692012,4.947683034,92.84991507,"mango"
23,24,32,28.1218093,46.16888595,5.630619901,93.30247448,"mango"
1,35,34,30.79375683,46.69536813,6.27339822,92.21318555,"mango"
2,24,34,28.89409382,54.80750249,6.472774648,94.76322976,"mango"
39,37,25,33.33024826,45.61143594,6.953246506,98.28583013,"mango"
15,36,27,27.78912455,53.96886679,5.643710216,91.01152997,"mango"
3,18,31,31.65333432,48.20662669,6.392313973,91.09745581,"mango"
8,38,32,29.75150773,46.73723302,4.981816523,91.405983,"mango"
33,31,34,31.32995611,50.22287593,5.421265283,89.78216168,"mango"
14,29,32,35.63627319,48.97047762,6.942520105,97.51952041,"mango"
18,20,26,31.66524687,51.98594645,5.435840509,89.98024312,"mango"
9,21,32,32.26935342,53.56092806,5.870116071,95.94035356,"mango"
20,30,27,27.81005614,51.59445462,4.74910393,95.89898581,"mango"
9,38,25,34.58561471,50.34035336,5.497946899,100.3060719,"mango"
26,24,34,31.27180992,52.23810152,6.811291098,89.74409017,"mango"
31,36,29,33.93679864,52.72170281,6.460542749,97.4611918,"mango"
14,18,35,31.09154239,47.02058367,4.791146778,91.46664318,"mango"
40,16,35,31.89356292,49.02450149,6.4841522,89.59371481,"mango"
28,27,34,32.45465292,50.69693751,6.526654345,95.04871605,"mango"
0,17,30,35.47478322,47.97230503,6.279133738,97.79072474,"mango"
1,29,29,27.32961444,49.30347234,6.052026047,93.53197359,"mango"
2,36,31,30.90225239,49.95955487,5.73171945,91.77522598,"mango"
12,27,26,29.09382275,45.5661059,5.32307197,96.23520043,"mango"
7,28,35,30.02086169,46.78393776,4.66910839,96.63721027,"mango"
0,36,26,34.13072188,51.25786185,5.101206389,96.38808001,"mango"
26,35,31,33.44619894,53.05980465,5.339556562,98.05089394,"mango"
27,21,30,35.3915464,52.48823147,5.061081874,91.22881052,"mango"
22,38,31,31.53356352,53.06009323,5.821106036,98.57025046,"mango"
22,18,31,30.7645515,47.93791463,5.956027059,90.38503469,"mango"
28,23,28,30.01821337,50.0983181,5.676032581,96.08745082,"mango"
7,31,27,31.32863689,47.59319575,6.524114355,94.67344737,"mango"
29,34,26,33.88004781,54.39416048,6.273953676,89.29147581,"mango"
8,37,33,28.07802689,54.9640534,6.128167757,97.45373619,"mango"
39,16,27,35.53845018,52.94641947,4.934964765,91.54560427,"mango"
40,24,25,28.70595247,50.44030129,5.445008416,95.8946444,"mango"
19,38,26,31.48451729,48.77926304,4.525722333,93.17221967,"mango"
21,21,30,27.69819273,51.41593238,5.403908328,100.7720705,"mango"
22,18,33,30.41235793,52.48100602,6.621623545,93.92375879,"mango"
31,20,30,32.17752026,54.01352682,6.207495815,91.88766069,"mango"
18,26,31,32.6112614,47.74916499,5.418475257,91.10190759,"mango"
119,25,51,26.47330219,80.92254421,6.283818329,53.65742581,"watermelon"
119,19,55,25.18780042,83.44621709,6.818261383,46.87420883,"watermelon"
105,30,50,25.29954705,81.77527562,6.37620108,57.04147057,"watermelon"
114,8,50,24.74631269,88.30866319,6.581587932,57.95826144,"watermelon"
93,22,52,26.58740671,81.32563243,6.932739726,41.87540028,"watermelon"
80,26,55,24.53442564,88.989272,6.140099215,49.11618732,"watermelon"
85,27,45,26.0713757,88.7285657,6.467095849,57.79652846,"watermelon"
85,22,53,25.96534238,89.77076659,6.849471704,59.46338556,"watermelon"
82,22,45,26.22338015,85.34866045,6.512196212,54.60159289,"watermelon"
118,13,54,24.41311871,89.81574032,6.039584629,44.07843475,"watermelon"
83,25,53,26.49195283,80.04678201,6.057697106,57.72799157,"watermelon"
86,15,47,24.04355803,84.18406764,6.423898762,53.78929956,"watermelon"
101,10,47,25.5421695,83.31883376,6.936997681,57.57343233,"watermelon"
119,9,50,26.74550678,83.9195902,6.251286661,40.794305,"watermelon"
104,17,46,25.7131428,80.22972777,6.190015912,43.08961827,"watermelon"
95,12,51,25.76484262,84.1726996,6.681606702,44.22066914,"watermelon"
102,14,52,26.79489868,89.64815231,6.51075991,57.74091817,"watermelon"
109,21,55,24.9004602,89.73524177,6.770278088,57.44942094,"watermelon"
81,18,50,26.80750629,88.22874955,6.429788073,58.79889057,"watermelon"
103,17,51,25.11189154,80.02621335,6.209888345,44.20656987,"watermelon"
105,14,50,26.2148837,87.6883982,6.419052193,59.65590798,"watermelon"
97,8,52,24.9103226,86.97190046,6.237861736,49.48575692,"watermelon"
120,19,49,25.79448878,84.26830701,6.762471629,56.45229202,"watermelon"
95,16,55,25.26931156,87.55055105,6.612847999,40.12650421,"watermelon"
83,29,52,25.76402693,87.5931128,6.704688865,46.05122728,"watermelon"
83,9,45,25.85483596,89.13163965,6.049609892,46.85176955,"watermelon"
91,21,50,24.33528185,81.44030363,6.762030215,48.32113628,"watermelon"
116,5,54,25.37601283,80.99313508,6.65398725,57.23028471,"watermelon"
112,28,54,24.86094646,85.05318563,6.738030547,55.29563514,"watermelon"
88,29,51,24.71885473,88.94568335,6.095689937,48.45978627,"watermelon"
118,15,45,24.21495706,84.20576992,6.538006356,48.01138482,"watermelon"
92,21,48,25.81692236,82.043255,6.377427122,54.82963379,"watermelon"
106,14,45,24.47018505,84.16390229,6.417011754,57.26773002,"watermelon"
99,5,47,24.13078816,84.84494575,6.649086972,51.19470197,"watermelon"
98,8,51,26.1793464,86.52258079,6.25933595,49.43050977,"watermelon"
108,22,46,26.17668721,86.7295205,6.121168559,53.33484977,"watermelon"
119,7,55,26.03867719,84.6378378,6.031424482,44.3993381,"watermelon"
117,27,48,26.53259325,82.39053979,6.835268184,54.30660782,"watermelon"
109,10,53,26.81938687,87.8274604,6.551750306,46.06193778,"watermelon"
80,16,46,25.50405534,81.40297428,6.940236218,48.47833278,"watermelon"
100,18,52,26.20234499,80.38266489,6.87606733,56.47941847,"watermelon"
91,7,53,25.13735887,89.28272716,6.457216535,43.52897517,"watermelon"
86,6,53,25.92030221,83.47202566,6.921847888,42.10681516,"watermelon"
107,5,52,26.6634609,89.98405233,6.881425746,57.40847165,"watermelon"
103,16,49,24.06731461,81.64075303,6.915717008,51.75212401,"watermelon"
101,20,48,24.6774157,82.75411437,6.206247494,57.05709413,"watermelon"
85,25,47,26.11440416,87.64081095,6.29542477,58.48160844,"watermelon"
84,7,51,26.81530456,87.65694462,6.399669044,55.74073582,"watermelon"
102,28,54,25.15623099,80.27525115,6.862157042,55.49541453,"watermelon"
98,25,52,25.2801372,83.15393658,6.224066378,49.29456609,"watermelon"
97,25,50,26.22005978,80.90127035,6.093814669,49.08553937,"watermelon"
90,16,45,24.92093261,80.61750795,6.291540278,50.55710813,"watermelon"
95,12,46,26.21667586,81.01009354,6.32281728,54.65423596,"watermelon"
82,23,49,26.81383586,87.21986949,6.873283991,51.70497792,"watermelon"
82,25,51,24.31334971,87.47409052,6.074209622,48.11248366,"watermelon"
110,28,46,24.29105004,88.04541346,6.49889585,51.26046418,"watermelon"
118,21,51,24.42998931,86.33904774,6.678805092,48.58241822,"watermelon"
120,20,45,25.66576039,88.6984228,6.114128685,54.22722466,"watermelon"
91,7,52,25.07803672,83.46230461,6.405054243,56.39962921,"watermelon"
81,6,55,24.88910524,85.87059083,6.110142735,51.70699144,"watermelon"
101,13,54,25.42900869,82.91481799,6.828982708,56.34144589,"watermelon"
101,17,55,24.37118217,87.1269128,6.451499764,44.63907691,"watermelon"
111,6,53,26.4930645,88.59143088,6.313512999,46.06382209,"watermelon"
107,10,49,25.83202912,89.00481725,6.755192025,45.24690619,"watermelon"
115,11,46,24.41592661,89.39655519,6.623167177,40.32161859,"watermelon"
84,25,52,24.37190239,81.2514818,6.12532356,44.20899581,"watermelon"
120,7,47,24.24782473,83.03687902,6.653867608,54.7657624,"watermelon"
91,12,46,24.64458469,85.49938185,6.343942518,48.31219031,"watermelon"
89,22,52,24.89681131,86.10782926,6.217300786,53.14626213,"watermelon"
113,19,46,25.41864024,81.12122989,6.286387658,49.52320689,"watermelon"
97,22,50,26.26028739,86.14585891,6.7698938,58.97878791,"watermelon"
117,30,50,24.90123934,87.20772913,6.744966312,46.59207341,"watermelon"
90,14,52,24.84740848,89.20454622,6.391858432,59.67927244,"watermelon"
104,23,47,26.98212846,86.70068316,6.770434148,42.91292205,"watermelon"
81,16,45,26.90435747,86.25426228,6.727468157,59.75980023,"watermelon"
88,5,47,25.86475496,86.67468041,6.662244646,41.16554802,"watermelon"
92,7,45,26.70607759,81.14149505,6.944640222,51.51033554,"watermelon"
81,18,50,26.44019475,80.91934337,6.507110986,47.81847573,"watermelon"
111,5,55,26.283443,84.42478917,6.520663422,50.78669728,"watermelon"
108,23,51,26.84366082,83.85039964,6.106500787,40.228644,"watermelon"
113,30,50,26.03967219,83.9862443,6.277484043,43.87712348,"watermelon"
83,10,53,24.92994759,85.00802358,6.195142279,48.75859458,"watermelon"
101,11,51,25.50736962,84.24340241,6.792035575,44.2068997,"watermelon"
114,21,55,25.4438391,87.9392312,6.472756256,57.51549686,"watermelon"
99,6,45,26.12588914,86.5507939,6.000975617,40.71210074,"watermelon"
92,20,55,25.10474753,87.5267616,6.587791262,59.26519444,"watermelon"
92,7,48,26.27520631,86.63249555,6.956508826,54.38748495,"watermelon"
91,24,55,26.27061608,83.09194521,6.259086583,46.76837499,"watermelon"
110,21,54,26.73690828,87.82430156,6.747537642,47.46447019,"watermelon"
112,25,51,25.04746944,85.5667282,6.932537231,56.72496677,"watermelon"
89,25,54,24.69368934,85.56967628,6.353107393,48.99390828,"watermelon"
100,10,53,24.54356968,84.60808277,6.211748957,42.00660251,"watermelon"
83,22,54,25.89762315,81.96664832,6.277245254,54.49960057,"watermelon"
95,14,50,26.6333118,84.31756844,6.560443519,56.31866159,"watermelon"
119,30,49,25.35794749,80.45846265,6.903020221,47.72078245,"watermelon"
97,12,47,25.28784623,89.63667876,6.765094964,58.28697664,"watermelon"
110,7,45,26.63838589,84.69546874,6.189213927,48.32428609,"watermelon"
96,18,50,25.3310446,84.30533791,6.904241707,41.53218699,"watermelon"
83,23,55,26.89750174,83.89241484,6.463271076,43.97193745,"watermelon"
120,24,47,26.98603693,89.4138489,6.260838965,58.54876687,"watermelon"
115,17,55,27.57826922,94.11878202,6.776533055,28.08253201,"muskmelon"
114,27,48,27.82054812,93.03555162,6.528404378,26.32405487,"muskmelon"
101,25,52,29.09910406,94.22237826,6.750145572,22.52497327,"muskmelon"
118,18,52,28.04943594,90.83130708,6.562832807,20.76223014,"muskmelon"
95,26,45,29.91690582,94.55695552,6.117530021,28.16057247,"muskmelon"
81,25,49,29.86895762,93.25103208,6.076459669,26.26243014,"muskmelon"
117,24,53,29.17220859,92.21405224,6.293486295,21.30290472,"muskmelon"
114,30,51,29.24908541,90.06998135,6.069171847,25.93496537,"muskmelon"
113,6,52,27.76317235,90.35567642,6.740983646,25.21609113,"muskmelon"
108,26,52,28.82629037,94.26765349,6.201797639,26.23838511,"muskmelon"
81,30,48,28.52379742,92.09688432,6.041027474,29.86681385,"muskmelon"
115,9,52,29.06785065,90.97685539,6.019372459,29.1194739,"muskmelon"
83,7,45,29.08417927,90.73891887,6.704104127,25.33014238,"muskmelon"
84,21,55,28.47090661,94.79453182,6.494251024,21.08484101,"muskmelon"
109,26,45,28.27973674,90.38971208,6.224535449,21.58992507,"muskmelon"
95,27,55,28.47212559,91.21322065,6.160414414,20.88620369,"muskmelon"
119,5,55,29.68846716,94.30111601,6.168757984,26.83924845,"muskmelon"
110,14,51,27.02415146,91.66737633,6.085444691,21.26034986,"muskmelon"
82,18,48,29.09588297,94.16748386,6.159050816,26.70581328,"muskmelon"
87,14,48,29.69238699,92.58862544,6.606033244,29.1102594,"muskmelon"
85,9,53,28.20619412,92.86798698,6.447662945,28.78654515,"muskmelon"
100,6,53,29.05248036,93.92217834,6.105909623,23.66620626,"muskmelon"
107,12,46,29.57240298,93.61870344,6.559763394,27.56918621,"muskmelon"
91,13,47,29.10968327,92.43510994,6.14410903,27.95602304,"muskmelon"
102,25,50,28.20480805,92.91440379,6.099662369,20.36001144,"muskmelon"
117,25,53,29.11858526,92.12543021,6.413927319,24.52020164,"muskmelon"
85,21,52,29.62800691,90.10051615,6.075144116,23.69586761,"muskmelon"
104,25,55,29.81196601,90.36881284,6.123802502,22.68766503,"muskmelon"
102,24,54,27.72338349,90.93897939,6.698468621,22.81863447,"muskmelon"
116,25,50,29.26092798,92.92367701,6.088885814,28.70627683,"muskmelon"
100,17,48,29.72791119,94.29753295,6.367800632,26.52364146,"muskmelon"
110,25,54,28.91105641,90.78413842,6.425930938,23.44398467,"muskmelon"
104,25,51,28.96361426,93.88482153,6.469983276,23.56130173,"muskmelon"
107,11,54,28.59052369,91.33617236,6.094016338,29.44008034,"muskmelon"
98,26,52,27.33897716,90.69759008,6.150090899,28.69113835,"muskmelon"
88,17,52,29.90415889,90.75284363,6.646962425,25.37828397,"muskmelon"
87,25,46,27.42711692,90.02696201,6.379690748,21.7508774,"muskmelon"
120,8,46,29.55657523,90.70937262,6.732834334,28.36535596,"muskmelon"
95,13,46,29.84070774,93.76312893,6.126019932,23.28207838,"muskmelon"
108,22,47,28.53545677,91.72742702,6.161123579,25.1290048,"muskmelon"
82,13,52,27.11535046,94.86907886,6.442810053,26.51924782,"muskmelon"
120,23,55,27.84492803,91.60666594,6.732049075,26.47844429,"muskmelon"
110,22,47,29.03157242,91.82172592,6.243673725,24.93861254,"muskmelon"
95,23,45,27.82424457,90.56698742,6.266208727,21.19014526,"muskmelon"
106,10,49,27.72653142,92.00687531,6.350623739,20.21126747,"muskmelon"
99,12,52,28.69708334,94.30759855,6.002927293,22.21807088,"muskmelon"
106,20,51,29.73019662,90.97015715,6.342573112,20.49035619,"muskmelon"
83,11,53,29.54097171,92.91778307,6.163921248,21.9653077,"muskmelon"
117,19,55,28.80311922,91.78336933,6.121745389,25.16359891,"muskmelon"
98,26,49,27.29035669,90.53330091,6.130160473,23.49535234,"muskmelon"
113,20,48,27.46583649,94.87679041,6.440584681,27.27899847,"muskmelon"
101,17,47,29.49401389,94.72981338,6.185053234,26.30820876,"muskmelon"
98,7,45,27.79161808,92.51054946,6.157724816,26.85422624,"muskmelon"
93,22,48,29.12533739,91.52291141,6.776987974,21.90440445,"muskmelon"
95,21,47,27.93114233,93.56161439,6.431970877,20.66127836,"muskmelon"
109,12,48,29.45771748,92.12534736,6.708743843,20.76212031,"muskmelon"
118,12,47,27.96872279,92.17444796,6.010739645,28.94766949,"muskmelon"
100,14,49,29.48882958,91.07574233,6.365956658,26.01909355,"muskmelon"
89,9,47,29.47156259,90.77069618,6.668382766,28.75226067,"muskmelon"
95,16,46,27.0767265,90.14362622,6.74669542,24.4514648,"muskmelon"
95,7,45,27.30008597,90.80015308,6.031665834,25.09484511,"muskmelon"
87,6,45,29.82729394,90.79007335,6.40077205,22.84203589,"muskmelon"
93,20,50,29.93061247,93.22980899,6.448792689,24.34814338,"muskmelon"
84,29,49,29.94349168,93.90741192,6.251420275,20.39020503,"muskmelon"
111,5,47,28.03306461,91.47355778,6.274452811,21.17924769,"muskmelon"
111,5,52,29.8843055,94.0371147,6.135996372,21.0000988,"muskmelon"
111,15,54,27.7058373,92.91185695,6.194090172,22.06207161,"muskmelon"
89,11,47,29.78714005,94.65343534,6.327822962,27.8659442,"muskmelon"
110,15,48,28.57819995,92.86597437,6.212567211,27.5987178,"muskmelon"
95,30,52,29.48069921,90.33698678,6.640470863,26.0365768,"muskmelon"
115,12,52,27.51492243,94.96218673,6.685553129,21.01796432,"muskmelon"
120,25,50,28.05457761,94.81637388,6.327210469,21.84869328,"muskmelon"
102,11,45,29.03167341,93.12603235,6.35544263,24.15591199,"muskmelon"
94,5,55,28.5854649,91.89216849,6.085682344,26.88372572,"muskmelon"
84,18,46,27.08808014,93.42402083,6.781050373,25.32159689,"muskmelon"
107,22,54,27.99611732,90.84660317,6.630301421,21.61893763,"muskmelon"
80,18,52,27.87317436,91.14849627,6.484799661,24.05207925,"muskmelon"
86,18,45,28.96586565,90.71832938,6.566759102,22.25838137,"muskmelon"
113,28,48,28.87726019,92.48839665,6.170520518,24.44267592,"muskmelon"
115,18,53,29.17052093,94.19790371,6.012480351,22.06994464,"muskmelon"
82,20,54,29.34033587,90.01506395,6.541150335,21.44532907,"muskmelon"
98,22,47,29.07265321,91.91533173,6.341400922,28.83568362,"muskmelon"
117,25,54,28.68275966,92.50969311,6.150686364,29.11187663,"muskmelon"
83,15,49,28.92705913,91.39356832,6.438008153,23.20076686,"muskmelon"
120,16,51,27.99901833,91.64193051,6.547041903,23.28618248,"muskmelon"
111,5,50,27.59350075,91.79742953,6.399891457,24.84266123,"muskmelon"
85,21,47,29.87331077,90.60932469,6.186770318,24.69720481,"muskmelon"
90,23,54,28.55852465,90.45773041,6.159020864,27.26588346,"muskmelon"
99,29,55,29.19378695,91.46241065,6.660954816,26.48240255,"muskmelon"
102,11,47,27.98780984,92.78226196,6.504906979,27.14509034,"muskmelon"
80,18,51,28.05380704,91.81758779,6.706053225,20.76582087,"muskmelon"
87,21,52,27.3506296,94.2911951,6.067665498,27.21244021,"muskmelon"
114,8,52,29.34081108,94.5513539,6.419083092,28.22908103,"muskmelon"
99,6,46,28.61475136,94.22253035,6.39637861,28.98574189,"muskmelon"
89,25,50,27.04863538,91.34685096,6.375923383,25.08146686,"muskmelon"
96,13,55,29.5275305,94.57459443,6.700337732,21.13545688,"muskmelon"
82,26,47,28.50416396,93.46806467,6.565312653,24.20007242,"muskmelon"
106,21,52,28.89578588,94.78993038,6.286515359,23.0362503,"muskmelon"
90,15,52,27.04927452,91.3821731,6.448061578,23.65747461,"muskmelon"
106,16,54,28.96017885,91.69532178,6.585872508,24.7458198,"muskmelon"
22,30,12,15.78144173,92.51077745,6.354006744,119.035002,"orange"
37,6,13,26.03097313,91.50819306,7.511755068,101.2847738,"orange"
27,13,6,13.36050601,91.35608208,7.335158382,111.2266885,"orange"
7,16,9,18.87957654,92.04304496,7.813916603,114.6659511,"orange"
20,7,9,29.47741671,91.57802915,7.129136941,111.1727497,"orange"
26,27,10,28.06903173,92.91487288,6.079998496,114.1339416,"orange"
5,23,15,25.66901098,92.04670813,7.408939392,112.5424199,"orange"
0,18,14,29.77149434,92.00719952,7.207991261,114.4161786,"orange"
39,24,14,30.55472573,90.90343769,7.189259647,106.0711985,"orange"
13,23,6,23.96147583,90.26408017,7.365338111,102.6958703,"orange"
21,17,15,23.98289638,91.5473145,7.455991072,118.4901697,"orange"
33,12,8,25.26052689,90.31153735,6.822282114,117.3695296,"orange"
6,9,12,31.08368929,90.14362642,7.028746406,109.6894658,"orange"
19,7,10,14.78003032,91.22062116,6.118430299,100.1961762,"orange"
24,18,6,26.56608303,94.45239715,6.285312759,116.3796525,"orange"
9,11,8,24.85903405,94.39000473,6.559236744,111.7803734,"orange"
31,8,7,34.51465139,93.63812684,7.163245982,103.5684926,"orange"
22,17,5,24.12188673,90.72351622,6.945562889,102.835632,"orange"
13,5,8,23.85340379,90.10522549,7.474710503,103.923226,"orange"
16,8,9,24.60297538,91.28408653,7.601189843,111.2948115,"orange"
4,13,6,15.63211033,94.25966183,7.561143224,101.4705704,"orange"
0,25,14,19.33516809,91.97978938,6.361671475,116.450422,"orange"
8,7,10,28.2620488,91.98317355,6.929216014,105.2132259,"orange"
4,23,5,22.67594476,93.36348717,7.477935216,110.3332655,"orange"
33,14,8,21.03200078,92.9641969,7.684420446,110.6823944,"orange"
30,7,15,33.23453301,91.06053924,7.825531916,115.7659902,"orange"
21,29,12,22.30318989,92.15987039,6.438668989,117.3688104,"orange"
11,14,5,11.50322938,94.8933184,6.946354724,115.5683776,"orange"
9,8,15,14.34320488,94.35734702,7.994465371,110.2223123,"orange"
5,18,14,33.1056981,93.48447453,7.434118807,119.1709113,"orange"
29,25,14,30.49183837,90.4582865,7.781988584,113.3302105,"orange"
33,12,15,30.25578031,92.03272799,6.052318465,116.7173125,"orange"
8,16,6,12.22816189,90.26457428,7.106650373,108.4161706,"orange"
15,14,8,10.01081312,90.22399223,6.22094286,119.3941064,"orange"
16,7,8,22.79196751,90.60901895,6.420457311,116.5084074,"orange"
0,12,7,20.18432263,90.65458473,6.969249676,116.8130969,"orange"
5,25,6,30.72119881,94.01331956,6.011302181,106.8118019,"orange"
6,8,11,24.35590861,92.39651663,6.600948788,119.6946577,"orange"
10,5,5,21.21306973,91.35349216,7.817846496,112.9834361,"orange"
1,17,6,10.78689755,91.38411917,6.8198271,117.5293447,"orange"
1,30,10,11.89925671,91.34663797,7.291405641,103.5771468,"orange"
0,23,15,22.56664172,93.37488907,7.598729065,109.8585753,"orange"
24,27,9,18.86883219,93.24688124,6.157135092,119.3936976,"orange"
36,11,13,17.34083741,93.04897191,7.1917274,112.7194284,"orange"
40,21,8,34.90665289,92.87820148,7.418761774,102.1906333,"orange"
40,22,6,24.53610067,91.90997228,6.488221135,115.9787989,"orange"
32,18,13,13.8377282,91.74780462,6.044167236,107.9873218,"orange"
9,10,10,22.3551049,93.52211892,6.010391864,101.5164589,"orange"
13,16,8,34.74004942,93.12316972,6.949838549,100.1967854,"orange"
15,9,11,11.54785707,94.14861001,7.907956251,108.8289171,"orange"
29,11,5,23.13338811,91.94670335,7.639788459,104.4224145,"orange"
1,15,9,29.98364695,94.55239717,7.53350946,115.3560318,"orange"
18,5,11,20.87947369,90.93756231,6.251586885,102.4550786,"orange"
14,22,9,17.24944623,91.13772765,6.543191814,112.5090516,"orange"
33,15,7,15.83388699,91.68293851,7.651225301,109.7571416,"orange"
4,6,7,23.01014302,91.11764246,6.708889665,112.6738296,"orange"
17,16,14,16.39624284,92.18151927,6.625538653,102.944161,"orange"
12,20,10,24.45132792,93.10527686,6.528354932,109.4711098,"orange"
34,29,8,31.87859192,91.15248149,6.450640306,105.3437825,"orange"
39,28,10,31.34920143,91.48247612,7.181907673,109.1549823,"orange"
31,25,12,18.05142392,90.03969587,7.016482298,111.7793889,"orange"
12,6,8,30.84835031,92.86773675,6.388617138,107.4142681,"orange"
12,29,13,22.45616931,91.52781832,7.57125447,118.0069295,"orange"
26,11,11,13.70319166,90.95589386,7.609348255,106.2944879,"orange"
19,24,15,20.48954522,93.72485075,7.137136973,111.8391951,"orange"
39,21,9,13.20844373,94.02769434,6.354022554,106.2696156,"orange"
16,29,13,32.31944397,93.67804556,6.196907944,117.6236473,"orange"
36,29,13,20.68185224,90.91510525,7.829507245,109.7513927,"orange"
37,23,12,31.52675982,90.50621806,6.395258356,113.1169398,"orange"
39,9,15,25.35467646,91.81183218,7.992041984,116.7555937,"orange"
31,5,14,17.66545409,91.69865887,6.583411671,110.6857506,"orange"
18,12,8,12.59093977,91.81668769,6.206053072,119.3916718,"orange"
20,20,10,11.86631922,93.68394562,6.976997772,106.060149,"orange"
5,8,5,11.03367937,92.22706805,6.562594972,112.7715925,"orange"
20,8,12,25.2990432,94.96419851,7.260416405,117.9733424,"orange"
25,21,11,32.23797837,90.15406807,6.460044778,104.7052254,"orange"
14,19,14,17.68408797,94.35815354,6.699164936,108.0638166,"orange"
37,18,12,10.2708877,90.19147747,7.401121811,106.6955204,"orange"
26,15,6,17.22034507,94.78797376,6.912033409,108.0054343,"orange"
13,22,5,19.667056,90.50096668,7.764040111,100.1737964,"orange"
32,25,9,10.35609594,93.75652041,7.796034006,101.1456947,"orange"
19,7,9,27.255435,91.71369387,6.969883483,101.139435,"orange"
28,7,9,34.5917846,92.13229786,6.730757538,115.5650287,"orange"
24,30,11,32.39523995,94.51768464,6.601395755,113.25373,"orange"
7,17,10,10.16431299,91.22320999,6.465913274,106.362551,"orange"
18,23,8,21.49118657,93.43949693,6.41354791,101.4819888,"orange"
7,20,12,16.53460397,94.76759975,6.475275337,110.0447896,"orange"
20,23,11,31.8520694,90.12220323,6.407715561,109.9455062,"orange"
18,14,11,28.04799508,90.00621688,6.550814117,117.1311498,"orange"
34,11,10,31.75048899,94.59551226,7.36220835,115.1989301,"orange"
20,29,10,29.07412717,93.27189064,7.36549204,100.7896871,"orange"
37,24,13,19.14381903,90.71037456,7.8546243,108.0230792,"orange"
12,8,10,16.14820285,91.4448027,7.995848977,107.4287664,"orange"
34,10,14,34.05296914,92.05811721,6.725600855,116.8020848,"orange"
6,13,9,34.51423957,90.56151463,7.786725333,118.3271968,"orange"
27,30,5,32.71748548,90.54608254,7.656978112,113.328978,"orange"
13,8,12,25.16296632,92.54736032,7.105904818,114.3117197,"orange"
6,7,7,27.68167318,94.47316879,7.199106204,113.9995146,"orange"
40,17,15,21.35093384,90.9492967,7.871063004,107.0862095,"orange"
31,26,9,11.69894639,93.25638873,7.566165721,103.2005992,"orange"
61,68,50,35.21462816,91.49725058,6.793245417,243.0745066,"papaya"
58,46,45,42.39413392,90.79028064,6.576261427,88.46607497,"papaya"
45,47,55,38.4191628,91.14220381,6.751452932,119.2653877,"papaya"
39,65,53,35.33294932,92.11508608,6.560743093,235.6133585,"papaya"
31,68,45,42.92325255,90.07600528,6.938313356,196.2408242,"papaya"
70,68,45,33.83508569,92.85470152,6.991626158,203.4044028,"papaya"
68,62,50,33.20258348,92.76437927,6.977700268,197.5282582,"papaya"
34,65,47,23.48546973,93.71043692,6.833768535,191.7760562,"papaya"
38,68,54,29.33710543,90.81781439,6.739170045,202.0572747,"papaya"
69,64,47,40.21199348,94.50766912,6.993473247,186.6762324,"papaya"
58,51,47,42.13473976,91.70445386,6.757470637,197.402901,"papaya"
59,47,53,32.86316618,91.4618874,6.850663232,47.271547,"papaya"
44,64,54,29.80744318,91.38048469,6.74274935,232.7046126,"papaya"
56,57,48,31.56213762,93.0484859,6.506120752,63.62250788,"papaya"
69,60,54,36.32268069,93.06134398,6.98992719,141.1736926,"papaya"
56,58,49,37.13165026,94.60761797,6.69215564,172.4788062,"papaya"
49,55,53,38.4418717,93.63739039,6.544029776,77.71566883,"papaya"
38,51,52,32.66160599,90.78931681,6.927803911,78.85085502,"papaya"
54,65,47,27.92765919,91.55594211,6.721835879,149.9107557,"papaya"
57,57,51,39.01793345,91.48815629,6.99223441,105.8841531,"papaya"
39,52,53,32.51247398,94.65904123,6.704204398,51.07048113,"papaya"
58,67,45,38.72382798,91.72514851,6.702424548,62.62377075,"papaya"
61,64,52,43.30204933,92.83405443,6.641098708,110.562229,"papaya"
34,62,55,27.58548913,90.72526502,6.585346229,238.5008779,"papaya"
31,48,45,40.78881819,92.90951393,6.563134737,132.7923586,"papaya"
47,46,52,23.19451074,91.40301608,6.502289473,206.3999208,"papaya"
32,68,52,32.68067385,92.61715632,6.800321319,248.8592986,"papaya"
36,59,46,34.28879307,93.61082872,6.721130543,127.2509777,"papaya"
61,51,51,39.30050027,94.16193416,6.574677594,120.9512466,"papaya"
70,54,46,39.73149053,91.12220596,6.919342407,122.7628653,"papaya"
44,56,49,39.23342464,91.25589286,6.519779583,64.4478499,"papaya"
34,68,51,27.34734861,94.17756725,6.687088098,40.35153141,"papaya"
50,59,47,40.76998685,92.09278584,6.747975732,209.8678411,"papaya"
39,70,52,26.26559543,90.79668055,6.65149129,59.49373381,"papaya"
34,61,49,28.12971499,93.3210737,6.502675132,117.8201907,"papaya"
44,60,55,34.2804607,90.55561637,6.825371185,98.54047745,"papaya"
31,62,52,33.7960155,93.00754254,6.99104104,182.026807,"papaya"
65,62,51,31.53243779,90.87394933,6.511624841,207.0735119,"papaya"
44,57,53,42.30495821,90.51431779,6.93172108,74.876786,"papaya"
50,47,48,24.63676897,90.61964344,6.712772333,218.2299187,"papaya"
43,50,48,28.28222883,91.37059792,6.63016515,179.2720807,"papaya"
60,46,53,24.48620746,92.98254537,6.761953186,183.49095,"papaya"
70,68,55,42.84609252,94.63548176,6.691202286,78.8099639,"papaya"
59,62,52,43.67549305,93.10887229,6.608667684,103.8235658,"papaya"
60,58,51,42.07213781,92.92203105,6.840802254,165.7412972,"papaya"
42,60,47,33.46873719,92.12746225,6.834808348,136.8277041,"papaya"
35,66,47,31.7018373,91.66232213,6.953439161,48.83810592,"papaya"
34,65,48,41.41968393,90.03863107,6.665024508,199.3096432,"papaya"
36,54,46,42.54744013,94.94482086,6.662875839,214.4103848,"papaya"
39,64,52,28.91842453,94.63676767,6.678695788,63.68794608,"papaya"
37,52,47,43.08022702,93.90305729,6.54277684,211.8529059,"papaya"
33,47,46,29.20300896,93.96834049,6.839443833,209.4083305,"papaya"
34,48,48,41.04224355,91.37258067,6.805277038,181.527598,"papaya"
49,54,50,25.62446619,93.18240298,6.762522087,97.26336657,"papaya"
40,65,49,35.32876402,91.06138506,6.678449318,163.9069365,"papaya"
68,52,49,24.42561272,92.27749066,6.577192175,63.35298768,"papaya"
50,46,52,31.18298415,90.21646909,6.734005648,54.01872359,"papaya"
65,63,50,31.88342554,91.3256535,6.524459342,79.27201575,"papaya"
40,49,47,42.93368602,91.1756748,6.501521192,246.3613268,"papaya"
42,53,48,23.11407669,94.31994776,6.758479569,231.5153161,"papaya"
49,55,51,24.87212063,93.90560147,6.676578778,135.1694525,"papaya"
59,62,49,43.36051537,93.35191636,6.941496806,114.778071,"papaya"
63,58,47,26.83054058,90.75379971,6.864143752,144.6656444,"papaya"
70,65,52,30.42012134,93.12659793,6.583528529,75.95295,"papaya"
63,50,52,28.64555584,93.22642604,6.751747609,115.8163936,"papaya"
40,64,47,32.50037548,93.47888842,6.893509446,71.73759526,"papaya"
63,58,50,43.03714283,94.6428898,6.720744449,41.5856585,"papaya"
45,58,49,30.10773379,90.34546355,6.827812549,75.24521981,"papaya"
66,69,47,23.69212243,93.61055571,6.912299695,87.53393983,"papaya"
54,67,52,35.67667332,93.30641944,6.586107335,141.3381168,"papaya"
69,67,52,27.71948962,94.43877142,6.827305908,82.83061083,"papaya"
67,68,49,35.26824831,92.38282957,6.821774589,149.8488208,"papaya"
45,57,47,23.16855863,90.78821158,6.656458831,161.6892093,"papaya"
56,50,52,33.08706051,92.25197542,6.770384816,88.1300769,"papaya"
70,50,53,37.4620912,90.44967809,6.933809743,172.3458448,"papaya"
44,47,45,38.73218907,94.73613484,6.579441304,218.142147,"papaya"
50,60,47,32.57720726,92.74889453,6.92791761,93.7942847,"papaya"
52,51,53,38.38231475,93.10378595,6.985804083,210.2735346,"papaya"
35,68,45,42.93605359,90.09448142,6.612429546,234.8466111,"papaya"
68,69,52,25.65492304,92.74501561,6.813383387,52.95477913,"papaya"
32,55,52,37.58899717,91.99740365,6.9677596,159.6577388,"papaya"
32,55,51,29.60718808,93.15642801,6.57398033,62.68710535,"papaya"
48,62,47,25.34756111,93.02871078,6.803094965,174.4012337,"papaya"
39,69,53,25.9300384,93.02357765,6.964955435,241.8202079,"papaya"
49,61,45,32.76795887,94.57377401,6.764213299,240.4795923,"papaya"
48,57,54,29.02328049,90.20396783,6.617703178,126.8069869,"papaya"
69,66,49,40.00439101,90.17015833,6.52711001,92.11877372,"papaya"
53,55,55,33.32315744,91.25271223,6.709668804,234.496633,"papaya"
38,61,52,31.22790131,94.94021378,6.620729882,46.44279118,"papaya"
57,64,55,26.68386496,92.9585411,6.583760499,62.50689682,"papaya"
51,57,55,24.70528368,90.14732171,6.676407337,108.4103158,"papaya"
56,65,45,38.2016825,93.97379963,6.751298936,218.0908814,"papaya"
54,66,52,36.56769731,93.79503425,6.867554147,104.4218596,"papaya"
58,55,47,26.05375792,93.69111672,6.742490027,240.6863901,"papaya"
68,70,54,31.29986342,92.76039164,6.986228647,54.77830202,"papaya"
42,59,55,40.10207731,94.35110201,6.979102243,149.1199989,"papaya"
43,64,47,38.58954491,91.58076549,6.825664782,102.2708231,"papaya"
35,67,49,41.31330062,91.1508798,6.617066674,239.7427554,"papaya"
56,59,55,37.03551903,91.79430166,6.551892638,188.5181422,"papaya"
39,64,53,23.0124018,91.07355541,6.598860305,208.3357976,"papaya"
